餐廳名稱,命中關鍵字,文章標題,網址,內文摘要
Allez Bistro,自帶酒;自帶酒水;開瓶費;餐廳 酒杯,懶人包 葡萄酒友善餐廳－－台北免開瓶費及酌收洗杯費之餐廳 ...,https://ccll9cc.pixnet.net/blog/post/391056341,"某天在撰文時，突然思緒一飄想到吃過幾間都是免開瓶費餐廳，
心想怎麼網路資訊這麼少！不如做個懶人包專題～
酌收開瓶費這件事究竟合不合理不在討論之列，但我個人是滿欣賞願意提供消費者選擇權利的店家。
畢竟有些既不提供侍酒服務也無專業酒杯，再加上酒單選擇性少，收取高額開瓶費只是變相剝消費者一層皮罷了。
本篇為單純的免開瓶費餐廳相關主題集結文，
並非意指收取開瓶費的店家就是不友善，這標題只是單純就像以「寵物友善餐廳」來下註，
並不是不能帶寵物的店家即為不友善，敬請有收取開瓶費的餐廳業者見諒勿引發筆戰，謝謝。
以下依照類型分類，沒有綠色註解的則是免收費，
隨機逐一列出並無依照喜好排序，若有其他資訊歡迎留言"
VG Seafood Bar,自帶酒,[永久置頂更新] BYOB + Free Corkage Restaurants in Taipei,https://onejoe.pixnet.net/blog/post/59886796,"前陣子跟某位吃遍米其林星星的網友，討論到了餐廳酒單上令人不敢恭維的酒價，以及其他可能的折衷選擇。在法國，原本傳統上應該只有到朋友家用餐會帶酒（做為禮物，而不是要當晚現開現喝：主人家應該已經搭好了配餐用酒，所以選酒時請不要以當晚能分到一杯作標準XD），否則上館子帶酒不僅不得體，也從沒有人會這樣做。不過，近年來在英美等國流行的「BYOB」（Bring Your Own Bottle）風潮，也吹進了花都，因而開始有餐廳嘗試提供這樣的服務。只是，根據法國專業葡萄酒雜誌 RVF 的報導，巴黎的 BYOB 目前都還在試驗階段，也有實驗過後發現成果不彰而停辦的，或是只作短期促銷。
而台北呢，提供 BYOB "
